{
  "train_loss": [
    0.8983937471340864,
    0.7379669027450757,
    0.6930520565081866,
    0.6619186279101249,
    0.6363616157800723,
    0.6195718913506238,
    0.6116369213813391,
    0.6014906733463972,
    0.5969693462053934,
    0.5848360474293048,
    0.582481813736451,
    0.5834572299932822,
    0.5819291334885818,
    0.5920867323875427,
    0.5814297336798447,
    0.5865352444159679,
    0.5881460905075073,
    0.5828442925061935,
    0.5888929733863244,
    0.5908510761383252,
    0.5984615637705877,
    0.594570809449905,
    0.5965915154188107,
    0.5974713869583912,
    0.6014733100548769,
    0.6013194444851998,
    0.6087986016884829,
    0.6130051154356736,
    0.6126531377816812,
    0.6219335335951585,
    0.6233965066763071
  ],
  "val_loss": [
    0.7696143351495266,
    0.7842675186693668,
    0.7987504452466965,
    0.975729376077652,
    0.8503271229565144,
    0.8167217597365379,
    0.8165799081325531,
    0.8217495158314705,
    0.831736970692873,
    0.8650894649326801,
    0.8471896536648273,
    0.9850326851010323,
    0.9766196087002754,
    0.8783893436193466,
    0.8780613765120506,
    0.9073018655180931,
    0.8909243643283844,
    0.8980531804263592,
    0.9028122425079346,
    0.8900866024196148,
    0.9026626423001289,
    0.9140936844050884,
    0.9390891902148724,
    0.9319767169654369,
    0.9278701022267342,
    0.9331325888633728,
    0.9358834400773048,
    0.9272750839591026,
    0.9300513565540314,
    0.9552868045866489,
    0.948761522769928
  ],
  "train_recon": [
    0.8983937471340864,
    0.7160915350302671,
    0.6589212157787421,
    0.6194660770587432,
    0.5864428923680232,
    0.562373026059224,
    0.5485062614465371,
    0.5332804505641644,
    0.5219985567606412,
    0.5054124257503412,
    0.5001096427440643,
    0.49444761184545666,
    0.4896489496414478,
    0.4948077331750821,
    0.4814761601961576,
    0.4819523233633775,
    0.47944462910676616,
    0.4694190460901994,
    0.47413912874001723,
    0.4741240495290512,
    0.47784897761467177,
    0.4706360269815494,
    0.4697690017712422,
    0.46688140049958843,
    0.4684042525597108,
    0.47136792769798863,
    0.47575529034321123,
    0.47704392213087815,
    0.4764229777531746,
    0.47547550384814924,
    0.4797322398576981
  ],
  "val_recon": [
    0.7696143351495266,
    0.7667696513235569,
    0.7683402560651302,
    0.9352258145809174,
    0.8008144535124302,
    0.7588668316602707,
    0.7532082311809063,
    0.7475569136440754,
    0.7546039633452892,
    0.785545352846384,
    0.762001171708107,
    0.8912877850234509,
    0.8774001151323318,
    0.7790730819106102,
    0.7711021043360233,
    0.792898703366518,
    0.7747202329337597,
    0.7785441912710667,
    0.7835502251982689,
    0.7751538902521133,
    0.7794593684375286,
    0.7909948453307152,
    0.8017801642417908,
    0.7951197884976864,
    0.7870626337826252,
    0.8030036985874176,
    0.7880602367222309,
    0.7896963767707348,
    0.7794905230402946,
    0.8106151185929775,
    0.79494833573699
  ],
  "train_kl": [
    1.375646092952826,
    1.7500294936008942,
    1.3652335986112938,
    1.1320680272884858,
    0.9983744162779588,
    0.9151818599456396,
    0.8417420570666974,
    0.7795454752750886,
    0.7497079005608192,
    0.7059877530122415,
    0.6589774000339019,
    0.6473426497899569,
    0.6152012164776142,
    0.5986400307753147,
    0.5711633196243873,
    0.557775562390303,
    0.5435073131170028,
    0.5337658348755959,
    0.5100171153361981,
    0.49148225020139646,
    0.48245034920863616,
    0.4721325314961947,
    0.4611727740520086,
    0.4542260391589923,
    0.4435634979834923,
    0.41584485387190795,
    0.40936404619461453,
    0.40284797778496373,
    0.3892290332378485,
    0.40402212815406996,
    0.38310471635598403
  ],
  "val_kl": [
    1.607686921954155,
    1.399830013513565,
    1.2164077907800674,
    1.080094799399376,
    0.9902534559369087,
    0.9256789237260818,
    0.8449556902050972,
    0.8479154855012894,
    0.7713300473988056,
    0.7070587836205959,
    0.6815078780055046,
    0.6817810833454132,
    0.6614631898701191,
    0.6111769825220108,
    0.6111959591507912,
    0.6101500950753689,
    0.5810206457972527,
    0.5623952075839043,
    0.5300535000860691,
    0.4839271977543831,
    0.4928131178021431,
    0.46894795075058937,
    0.4993055462837219,
    0.47602411918342113,
    0.46935817785561085,
    0.4164124298840761,
    0.4548406656831503,
    0.4076406005769968,
    0.43017383106052876,
    0.3990942928940058,
    0.41016849502921104
  ],
  "beta_values": [
    0.0,
    0.0125,
    0.025,
    0.0375,
    0.05,
    0.0625,
    0.075,
    0.0875,
    0.1,
    0.1125,
    0.125,
    0.1375,
    0.15,
    0.1625,
    0.175,
    0.1875,
    0.2,
    0.2125,
    0.225,
    0.2375,
    0.25,
    0.2625,
    0.275,
    0.2875,
    0.3,
    0.3125,
    0.325,
    0.3375,
    0.35,
    0.3625,
    0.375
  ],
  "learning_rates": [
    0.0005,
    0.0004999803005288522,
    0.0004999212052261833,
    0.000499822723423827,
    0.0004996848706732014,
    0.0004995076687428538,
    0.0004992911456150232,
    0.0004990353354812216,
    0.0004987402787368344,
    0.0004984060219747421,
    0.0004980326179779622,
    0.0004976201257113145,
    0.0004971686103121095,
    0.000496678143079863,
    0.0004961488014650368,
    0.0004955806690568079,
    0.0004949738355698697,
    0.0004943283968302644,
    0.0004936444547602512,
    0.0004929221173622113,
    0.0004921614987015937,
    0.000491362718888902,
    0.0004905259040607286,
    0.0004896511863598355,
    0.0004887387039142876,
    0.00048778860081564096,
    0.00048680102709618877,
    0.0004857761387052698,
    0.0004847140974846417,
    0.00048361507114292484,
    0.00048247923322911887
  ],
  "best_epoch": 1
}