{
  "train_loss": [
    0.9964940562134698,
    0.8298147959368569,
    0.7854915204502287,
    0.7560227740378607,
    0.7376607457796732,
    0.7250977626868657,
    0.7207811517374856,
    0.719424422298159,
    0.7215018144675663,
    0.7254318084035601,
    0.7289426269985381,
    0.734122946148827,
    0.7384686356499082,
    0.7405696298394885,
    0.7439255373818534,
    0.7501399829274132,
    0.755782949072974,
    0.7576822936534882,
    0.762427317244666,
    0.7720224743797666,
    0.7687538507438841,
    0.7770986372516269,
    0.7790186362607139,
    0.7879418688161033,
    0.7836951840491522,
    0.7940386860143571,
    0.7880557505857377,
    0.7935251111075992,
    0.7954607222761426,
    0.8021313207490104,
    0.8066568544932774,
    0.8067419230937958,
    0.8033139861765362,
    0.8075223565101624,
    0.8156900405883789,
    0.8193132806391943,
    0.8209976568108514,
    0.8162404610997155,
    0.8210757970809937,
    0.8201857180822463,
    0.8219603172370366,
    0.8214998926435199,
    0.8249011351948693,
    0.8202393821307591,
    0.8211395939191183,
    0.8209986133234841,
    0.8224147600787026,
    0.8205983255590711,
    0.8186326807453519,
    0.8229298676763263,
    0.82078693878083,
    0.8197952466351646,
    0.8185751466524034,
    0.8210676539511907,
    0.8146260238829113,
    0.8190348857925052,
    0.8165753668262845,
    0.8186058700084686,
    0.8201121645314353,
    0.818285943496795,
    0.8138915711925143,
    0.8150942481699444,
    0.8163762064207167,
    0.8183876119908833,
    0.8189618587493896,
    0.8162584900856018,
    0.8148751783938635
  ],
  "val_loss": [
    0.4530711993575096,
    0.4512023702263832,
    0.45461053401231766,
    0.47179969400167465,
    0.4782072603702545,
    0.4794071912765503,
    0.48704715818166733,
    0.4959948658943176,
    0.5060450658202171,
    0.5164047628641129,
    0.5114730224013329,
    0.5181639641523361,
    0.5274070054292679,
    0.534960113465786,
    0.5290214046835899,
    0.5261939018964767,
    0.5518763661384583,
    0.5491126105189323,
    0.5438824445009232,
    0.5474333465099335,
    0.5515572130680084,
    0.5478655472397804,
    0.5555835738778114,
    0.5529995784163475,
    0.5499395504593849,
    0.5607424080371857,
    0.5583175644278526,
    0.5557449162006378,
    0.5549851357936859,
    0.5553844720125198,
    0.5594981238245964,
    0.5548765733838081,
    0.5568232983350754,
    0.5596937239170074,
    0.5605050697922707,
    0.5581689849495888,
    0.5576398447155952,
    0.5579204633831978,
    0.5530932694673538,
    0.5530965626239777,
    0.5590788349509239,
    0.5551805794239044,
    0.5587483197450638,
    0.556792788207531,
    0.5562901943922043,
    0.5585258454084396,
    0.5548971593379974,
    0.5592122972011566,
    0.5546718835830688,
    0.5586534738540649,
    0.5561068505048752,
    0.5534417480230331,
    0.5576622188091278,
    0.557553730905056,
    0.5549306198954582,
    0.5570233166217804,
    0.5573113411664963,
    0.5557946190237999,
    0.5565459132194519,
    0.5574232861399651,
    0.5577777847647667,
    0.554616816341877,
    0.5605767220258713,
    0.5566427260637283,
    0.5557644963264465,
    0.5584104657173157,
    0.5542929321527481
  ],
  "train_recon": [
    0.9964940562134698,
    0.7886098041420891,
    0.7251839765480587,
    0.6857651968797048,
    0.6593465024516696,
    0.6413111445449647,
    0.6329699683757055,
    0.6282692466463361,
    0.6254715422789255,
    0.6289424995581309,
    0.6290946304798126,
    0.628781340661503,
    0.6336859478836968,
    0.6339040313448224,
    0.6390983292034694,
    0.6423898722444262,
    0.650455728882835,
    0.6504347863651457,
    0.654365599155426,
    0.6617251535256704,
    0.6602970744882312,
    0.6661747339225951,
    0.6753677300044468,
    0.6740278630029588,
    0.6828881175745101,
    0.6859605723903293,
    0.6857918841498238,
    0.6857173570564815,
    0.6921089107082004,
    0.692830441963105,
    0.6979201365084875,
    0.7057432730992635,
    0.711437680891582,
    0.7183523873488108,
    0.7240409283410936,
    0.7324866311890739,
    0.734939150867008,
    0.7296159948621478,
    0.7369199522903987,
    0.7349470938955035,
    0.7465436983676184,
    0.7476947392736163,
    0.7531106699080694,
    0.7504708582446689,
    0.7488484439395723,
    0.7493685640039898,
    0.748553393852143,
    0.7485484239600954,
    0.7456713914871216,
    0.7501428567227864,
    0.7510767933868226,
    0.749290481919334,
    0.7491158275377183,
    0.7496431540875208,
    0.7477817790848869,
    0.7417817683446974,
    0.7466656650815692,
    0.7474583146117982,
    0.7458072006702423,
    0.7450332315195174,
    0.7446628652867817,
    0.7462817515645709,
    0.7448093735036396,
    0.7475315034389496,
    0.7475918843632653,
    0.7461982383614495,
    0.7406200355007535
  ],
  "val_recon": [
    0.4530711993575096,
    0.42516083270311356,
    0.41570717096328735,
    0.42577990144491196,
    0.4306113198399544,
    0.4288644939661026,
    0.43166225403547287,
    0.4394462928175926,
    0.4541434645652771,
    0.45764385163784027,
    0.458688348531723,
    0.4631330221891403,
    0.46956290304660797,
    0.48780443519353867,
    0.4816475287079811,
    0.4805257320404053,
    0.5044101253151894,
    0.498866468667984,
    0.5047208294272423,
    0.501621350646019,
    0.5049669742584229,
    0.5040411129593849,
    0.5153182744979858,
    0.5125299021601677,
    0.5127589702606201,
    0.5226265341043472,
    0.519492544233799,
    0.5243006721138954,
    0.5272066295146942,
    0.525841623544693,
    0.5284142792224884,
    0.5294490829110146,
    0.5309121906757355,
    0.5342189446091652,
    0.5362759009003639,
    0.5357749313116074,
    0.5330763012170792,
    0.534564346075058,
    0.5351388081908226,
    0.5359943807125092,
    0.5388860106468201,
    0.5382204279303551,
    0.5394951552152634,
    0.5395385101437569,
    0.539758138358593,
    0.539834201335907,
    0.5374044254422188,
    0.5415585935115814,
    0.5382687076926231,
    0.5384734347462654,
    0.538124330341816,
    0.5378289595246315,
    0.5422132164239883,
    0.5413996651768684,
    0.5377506464719772,
    0.5405489355325699,
    0.5404318496584892,
    0.5405307188630104,
    0.5397052019834518,
    0.5402625799179077,
    0.5402134582400322,
    0.5379865318536758,
    0.5395059660077095,
    0.5394658222794533,
    0.5389997959136963,
    0.5400743186473846,
    0.5398386046290398
  ],